{
  "regime_val_acc": 1.0,
  "regime_test_acc": 1.0,
  "rebound_test_acc": 0.7555555555555555,
  "rebound_precision": 0.6139534883720931,
  "rebound_recall": 0.6502463054187192,
  "mult_rmse": 7.7928961657434845,
  "mult_mae": 3.2015961430305517,
  "ev_rmse": 8.303234549556867,
  "ev_mean_pred": 1.5407859086990356,
  "ev_mean_actual": 3.0765378937245367,
  "total_trades": 206,
  "wins": 131,
  "losses": 75,
  "win_rate": 0.6359223300970874,
  "total_pnl": 1994.029798787384,
  "avg_pnl_per_trade": 9.679756304793125,
  "avg_winning_trade": 15.79412060143041,
  "avg_losing_trade": -1.0,
  "profit_factor": 27.587063983831783,
  "sharpe_ratio": 0.49399788308263115,
  "nc_trades": 103,
  "cr_trades": 103,
  "nc_win_rate": 0.6019417475728155,
  "nc_pnl": 876.9964063714064,
  "cr_win_rate": 0.6699029126213593,
  "cr_pnl": 1117.0333924159777,
  "timestamp": "2026-03-22T03:36:00.129007",
  "elapsed_seconds": 3.9330878257751465
}